Customer_ID,Name,Email,Phone,City,Country
1,Zainab Ali,zainab.ali1@gmail.com,1234567891,South Craigfort,Denmark
2,Khadija Iqbal,khadija.iqbal2@gmail.com,1234567892,East Derekberg,Nicaragua
3,Abdullah Khan,abdullah.khan3@gmail.com,1234567893,Austinbury,Equatorial Guinea
4,Hamza Hussain,hamza.hussain4@gmail.com,1234567894,Dianamouth,Slovenia
5,Hamza Hussain,hamza.hussain5@gmail.com,1234567895,Smithbury,Guinea-Bissau
6,Zainab Hussain,zainab.hussain6@gmail.com,1234567896,Hamiltonstad,Rwanda
7,Yusuf Ali,yusuf.ali7@gmail.com,1234567897,East Rebecca,Montenegro
8,Zainab Siddiqui,zainab.siddiqui8@gmail.com,1234567898,Kirstenborough,Israel
9,Maryam Malik,maryam.malik9@gmail.com,1234567899,Rebeccafurt,Somalia
10,Khadija Sheikh,khadija.sheikh10@gmail.com,1234567900,Lake Benjamin,Cameroon
11,Khadija Hussain,khadija.hussain11@gmail.com,1234567901,West Monicabury,Argentina
12,Maryam Hussain,maryam.hussain12@gmail.com,1234567902,South Ashleychester,Zimbabwe
13,Hamza Khan,hamza.khan13@gmail.com,1234567903,Lake Robert,Nigeria
14,Zainab Siddiqui,zainab.siddiqui14@gmail.com,1234567904,Richardsonville,New Caledonia
15,Khadija Hussain,khadija.hussain15@gmail.com,1234567905,Rodriguezmouth,Wallis and Futuna
16,Khadija Raza,khadija.raza16@gmail.com,1234567906,East Michaelfurt,Saint Helena
17,Fatima Malik,fatima.malik17@gmail.com,1234567907,Smithborough,Chile
18,Maryam Malik,maryam.malik18@gmail.com,1234567908,New Josephtown,Equatorial Guinea
19,Ayesha Khan,ayesha.khan19@gmail.com,1234567909,Davidton,French Guiana
20,Abdullah Sheikh,abdullah.sheikh20@gmail.com,1234567910,Schultzchester,Denmark
21,Ayesha Siddiqui,ayesha.siddiqui21@gmail.com,1234567911,Jonathanhaven,Saudi Arabia
22,Maryam Ahmed,maryam.ahmed22@gmail.com,1234567912,Clintonmouth,Iceland
23,Ahmad Hussain,ahmad.hussain23@gmail.com,1234567913,Deannabury,Faroe Islands
24,Muhammad Siddiqui,muhammad.siddiqui24@gmail.com,1234567914,Bridgestown,Trinidad and Tobago
25,Ayesha Iqbal,ayesha.iqbal25@gmail.com,1234567915,North James,Yemen
26,Ayesha Malik,ayesha.malik26@gmail.com,1234567916,North Aaron,Guam
27,Zainab Hussain,zainab.hussain27@gmail.com,1234567917,Christopherburgh,Bahamas
28,Abdullah Malik,abdullah.malik28@gmail.com,1234567918,South Kristyville,Netherlands
29,Yusuf Farooq,yusuf.farooq29@gmail.com,1234567919,Nolanstad,Cuba
30,Zainab Ali,zainab.ali30@gmail.com,1234567920,Hallfort,Turkey
31,Hamza Siddiqui,hamza.siddiqui31@gmail.com,1234567921,Marktown,Antigua and Barbuda
32,Zainab Farooq,zainab.farooq32@gmail.com,1234567922,New Carlosbury,Malta
33,Hamza Iqbal,hamza.iqbal33@gmail.com,1234567923,Underwoodfurt,Cuba
34,Zainab Raza,zainab.raza34@gmail.com,1234567924,Leestad,Anguilla
35,Ahmad Hussain,ahmad.hussain35@gmail.com,1234567925,Hoovermouth,Fiji
36,Ayesha Raza,ayesha.raza36@gmail.com,1234567926,Schroederton,Botswana
37,Maryam Iqbal,maryam.iqbal37@gmail.com,1234567927,Port Jameschester,Chad
38,Abdullah Malik,abdullah.malik38@gmail.com,1234567928,Davistown,Canada
39,Hamza Malik,hamza.malik39@gmail.com,1234567929,Nelsonmouth,Japan
40,Zainab Farooq,zainab.farooq40@gmail.com,1234567930,Hollyhaven,Myanmar
41,Khadija Hussain,khadija.hussain41@gmail.com,1234567931,Codyton,Benin
42,Khadija Ahmed,khadija.ahmed42@gmail.com,1234567932,Jeffreystad,Niger
43,Fatima Khan,fatima.khan43@gmail.com,1234567933,Ashleytown,Maldives
44,Maryam Ahmed,maryam.ahmed44@gmail.com,1234567934,Conniefort,Lesotho
45,Yusuf Farooq,yusuf.farooq45@gmail.com,1234567935,Carlsonfort,Ireland
46,Zainab Siddiqui,zainab.siddiqui46@gmail.com,1234567936,New David,Moldova
47,Khadija Siddiqui,khadija.siddiqui47@gmail.com,1234567937,Phillipsmouth,Isle of Man
48,Ahmad Iqbal,ahmad.iqbal48@gmail.com,1234567938,Reginaside,Saint Kitts and Nevis
49,Abdullah Ali,abdullah.ali49@gmail.com,1234567939,Jonathanberg,Heard Island and McDonald Islands
50,Ayesha Malik,ayesha.malik50@gmail.com,1234567940,New Ruben,Tajikistan
51,Yusuf Khan,yusuf.khan51@gmail.com,1234567941,Lake Robertfort,Yemen
52,Maryam Malik,maryam.malik52@gmail.com,1234567942,North Ashleyside,Guyana
53,Fatima Ali,fatima.ali53@gmail.com,1234567943,Lake Karenmouth,Netherlands Antilles
54,Maryam Khan,maryam.khan54@gmail.com,1234567944,Brendafurt,Central African Republic
55,Abdullah Sheikh,abdullah.sheikh55@gmail.com,1234567945,Wagnerfurt,Romania
56,Hamza Sheikh,hamza.sheikh56@gmail.com,1234567946,East Lisaberg,Netherlands Antilles
57,Yusuf Raza,yusuf.raza57@gmail.com,1234567947,Lindaburgh,Congo
58,Hamza Hussain,hamza.hussain58@gmail.com,1234567948,Lake Tannerton,United Arab Emirates
59,Maryam Hussain,maryam.hussain59@gmail.com,1234567949,West Sheri,Guatemala
60,Zainab Ahmed,zainab.ahmed60@gmail.com,1234567950,Lake Sharonville,Senegal
61,Fatima Iqbal,fatima.iqbal61@gmail.com,1234567951,Port Manuelfurt,Belgium
62,Hamza Ali,hamza.ali62@gmail.com,1234567952,East Shannonview,Isle of Man
63,Fatima Iqbal,fatima.iqbal63@gmail.com,1234567953,Brendatown,Heard Island and McDonald Islands
64,Ahmad Hussain,ahmad.hussain64@gmail.com,1234567954,Jamesville,British Indian Ocean Territory (Chagos Archipelago)
65,Abdullah Malik,abdullah.malik65@gmail.com,1234567955,Sherryport,Tokelau
66,Abdullah Ahmed,abdullah.ahmed66@gmail.com,1234567956,Brandonside,Seychelles
67,Hamza Malik,hamza.malik67@gmail.com,1234567957,Garcialand,Cote d'Ivoire
68,Abdullah Raza,abdullah.raza68@gmail.com,1234567958,East Raymond,Indonesia
69,Fatima Siddiqui,fatima.siddiqui69@gmail.com,1234567959,South David,Saint Kitts and Nevis
70,Yusuf Khan,yusuf.khan70@gmail.com,1234567960,West Kimberlyhaven,Finland
71,Muhammad Siddiqui,muhammad.siddiqui71@gmail.com,1234567961,West Sarah,United States Virgin Islands
72,Ahmad Farooq,ahmad.farooq72@gmail.com,1234567962,West Ethan,Saint Barthelemy
73,Muhammad Sheikh,muhammad.sheikh73@gmail.com,1234567963,New Lawrenceton,Zimbabwe
74,Muhammad Farooq,muhammad.farooq74@gmail.com,1234567964,Blackchester,Norfolk Island
75,Abdullah Ali,abdullah.ali75@gmail.com,1234567965,Jasonmouth,Gabon
76,Hamza Hussain,hamza.hussain76@gmail.com,1234567966,Janicemouth,Turkey
77,Ayesha Ahmed,ayesha.ahmed77@gmail.com,1234567967,Fieldsland,Senegal
78,Khadija Ali,khadija.ali78@gmail.com,1234567968,Amberton,Saint Barthelemy
79,Fatima Raza,fatima.raza79@gmail.com,1234567969,Villarrealland,Pakistan
80,Hamza Raza,hamza.raza80@gmail.com,1234567970,West Rogerview,Tuvalu
81,Abdullah Hussain,abdullah.hussain81@gmail.com,1234567971,Lake Zachary,Suriname
82,Muhammad Khan,muhammad.khan82@gmail.com,1234567972,Wrightburgh,Malaysia
83,Khadija Ahmed,khadija.ahmed83@gmail.com,1234567973,Thomashaven,Fiji
84,Hamza Iqbal,hamza.iqbal84@gmail.com,1234567974,Lake Paul,Armenia
85,Ahmad Malik,ahmad.malik85@gmail.com,1234567975,South Connie,Bangladesh
86,Muhammad Raza,muhammad.raza86@gmail.com,1234567976,South Kathleen,Cuba
87,Muhammad Sheikh,muhammad.sheikh87@gmail.com,1234567977,East Tylertown,Bolivia
88,Maryam Sheikh,maryam.sheikh88@gmail.com,1234567978,Fletcherview,Algeria
89,Fatima Siddiqui,fatima.siddiqui89@gmail.com,1234567979,New Desireebury,United Kingdom
90,Fatima Siddiqui,fatima.siddiqui90@gmail.com,1234567980,West Christopher,Benin
91,Khadija Farooq,khadija.farooq91@gmail.com,1234567981,Andrewberg,Sierra Leone
92,Fatima Farooq,fatima.farooq92@gmail.com,1234567982,Davidshire,Croatia
93,Hamza Sheikh,hamza.sheikh93@gmail.com,1234567983,Robertburgh,San Marino
94,Fatima Malik,fatima.malik94@gmail.com,1234567984,West Anthony,New Zealand
95,Ahmad Malik,ahmad.malik95@gmail.com,1234567985,New Theresa,Guadeloupe
96,Yusuf Siddiqui,yusuf.siddiqui96@gmail.com,1234567986,Dayburgh,Bouvet Island (Bouvetoya)
97,Ahmad Ahmed,ahmad.ahmed97@gmail.com,1234567987,Lake Stevenhaven,French Southern Territories
98,Zainab Khan,zainab.khan98@gmail.com,1234567988,Josephfurt,United States Virgin Islands
99,Fatima Ahmed,fatima.ahmed99@gmail.com,1234567989,South Heather,Turkey
100,Maryam Hussain,maryam.hussain100@gmail.com,1234567990,Dustinview,Argentina
101,Khadija Ahmed,khadija.ahmed101@gmail.com,1234567991,New James,Georgia
102,Fatima Siddiqui,fatima.siddiqui102@gmail.com,1234567992,Cherylport,Macedonia
103,Fatima Ali,fatima.ali103@gmail.com,1234567993,Leeport,Swaziland
104,Ahmad Iqbal,ahmad.iqbal104@gmail.com,1234567994,Michaelfort,Nicaragua
105,Fatima Farooq,fatima.farooq105@gmail.com,1234567995,Samanthaburgh,Andorra
106,Muhammad Iqbal,muhammad.iqbal106@gmail.com,1234567996,North Dana,Equatorial Guinea
107,Muhammad Sheikh,muhammad.sheikh107@gmail.com,1234567997,Ericborough,Aruba
108,Muhammad Raza,muhammad.raza108@gmail.com,1234567998,Banksshire,Tokelau
109,Hamza Raza,hamza.raza109@gmail.com,1234567999,Ravenberg,Macao
110,Abdullah Sheikh,abdullah.sheikh110@gmail.com,1234568000,Chelseachester,Serbia
111,Maryam Malik,maryam.malik111@gmail.com,1234568001,Port Jessica,Brunei Darussalam
112,Khadija Hussain,khadija.hussain112@gmail.com,1234568002,North Nicholasmouth,Guinea-Bissau
113,Khadija Farooq,khadija.farooq113@gmail.com,1234568003,Wellstown,Niger
114,Yusuf Ali,yusuf.ali114@gmail.com,1234568004,Bellfurt,Uganda
115,Muhammad Iqbal,muhammad.iqbal115@gmail.com,1234568005,East Lisashire,Micronesia
116,Zainab Hussain,zainab.hussain116@gmail.com,1234568006,Charleston,Palestinian Territory
117,Hamza Farooq,hamza.farooq117@gmail.com,1234568007,Sawyerchester,Korea
118,Khadija Ali,khadija.ali118@gmail.com,1234568008,North Brian,Puerto Rico
119,Ayesha Malik,ayesha.malik119@gmail.com,1234568009,Lake Victormouth,Serbia
120,Abdullah Khan,abdullah.khan120@gmail.com,1234568010,Lake Eric,Zimbabwe
121,Abdullah Raza,abdullah.raza121@gmail.com,1234568011,Jenniferfurt,Japan
122,Hamza Hussain,hamza.hussain122@gmail.com,1234568012,Russellshire,Belarus
123,Yusuf Khan,yusuf.khan123@gmail.com,1234568013,Bowmanport,Moldova
124,Hamza Ahmed,hamza.ahmed124@gmail.com,1234568014,North Juan,Antigua and Barbuda
125,Abdullah Raza,abdullah.raza125@gmail.com,1234568015,Michelleview,Sri Lanka
126,Fatima Farooq,fatima.farooq126@gmail.com,1234568016,South Dianafurt,Myanmar
127,Yusuf Ahmed,yusuf.ahmed127@gmail.com,1234568017,Lake Mary,Reunion
128,Hamza Raza,hamza.raza128@gmail.com,1234568018,Mallorymouth,Eritrea
129,Hamza Ahmed,hamza.ahmed129@gmail.com,1234568019,Adkinsview,Macedonia
130,Abdullah Ahmed,abdullah.ahmed130@gmail.com,1234568020,Courtneymouth,Grenada
131,Yusuf Khan,yusuf.khan131@gmail.com,1234568021,North Carolyn,Jersey
132,Khadija Sheikh,khadija.sheikh132@gmail.com,1234568022,Milesmouth,India
133,Ayesha Iqbal,ayesha.iqbal133@gmail.com,1234568023,West John,Iran
134,Maryam Farooq,maryam.farooq134@gmail.com,1234568024,Keithberg,Uruguay
135,Khadija Sheikh,khadija.sheikh135@gmail.com,1234568025,Fishermouth,Samoa
136,Yusuf Malik,yusuf.malik136@gmail.com,1234568026,Popeberg,Anguilla
137,Khadija Raza,khadija.raza137@gmail.com,1234568027,North Keith,Papua New Guinea
138,Maryam Siddiqui,maryam.siddiqui138@gmail.com,1234568028,Shellyhaven,Georgia
139,Fatima Raza,fatima.raza139@gmail.com,1234568029,North Mallorytown,United States Minor Outlying Islands
140,Muhammad Ali,muhammad.ali140@gmail.com,1234568030,Leeview,Liberia
141,Muhammad Ahmed,muhammad.ahmed141@gmail.com,1234568031,Stephanieberg,Saint Pierre and Miquelon
142,Ahmad Iqbal,ahmad.iqbal142@gmail.com,1234568032,North Danafurt,Luxembourg
143,Ayesha Ahmed,ayesha.ahmed143@gmail.com,1234568033,Lake Robert,Qatar
144,Zainab Farooq,zainab.farooq144@gmail.com,1234568034,Port Jeffreybury,San Marino
145,Maryam Malik,maryam.malik145@gmail.com,1234568035,North Aaronton,Morocco
146,Zainab Khan,zainab.khan146@gmail.com,1234568036,West Cynthiaview,Aruba
147,Muhammad Siddiqui,muhammad.siddiqui147@gmail.com,1234568037,Lake Amyfort,Afghanistan
148,Muhammad Malik,muhammad.malik148@gmail.com,1234568038,Lake Paul,Barbados
149,Abdullah Malik,abdullah.malik149@gmail.com,1234568039,Victoriafurt,French Guiana
150,Abdullah Sheikh,abdullah.sheikh150@gmail.com,1234568040,Rojasmouth,Saint Barthelemy
151,Abdullah Farooq,abdullah.farooq151@gmail.com,1234568041,Lake Anthony,Belgium
152,Ayesha Ali,ayesha.ali152@gmail.com,1234568042,East Marymouth,Malawi
153,Khadija Siddiqui,khadija.siddiqui153@gmail.com,1234568043,New Marie,Korea
154,Ahmad Sheikh,ahmad.sheikh154@gmail.com,1234568044,Port Theresa,Guernsey
155,Zainab Hussain,zainab.hussain155@gmail.com,1234568045,South Mariaside,Turks and Caicos Islands
156,Abdullah Raza,abdullah.raza156@gmail.com,1234568046,Taylormouth,Cuba
157,Khadija Iqbal,khadija.iqbal157@gmail.com,1234568047,Port Anna,Kyrgyz Republic
158,Zainab Hussain,zainab.hussain158@gmail.com,1234568048,Emilymouth,Russian Federation
159,Zainab Malik,zainab.malik159@gmail.com,1234568049,Port Rebecca,Pitcairn Islands
160,Fatima Malik,fatima.malik160@gmail.com,1234568050,Lake Sarahside,Finland
161,Yusuf Malik,yusuf.malik161@gmail.com,1234568051,Darlenehaven,Lebanon
162,Khadija Khan,khadija.khan162@gmail.com,1234568052,Petertown,Spain
163,Zainab Ali,zainab.ali163@gmail.com,1234568053,Lake Charleshaven,Macao
164,Hamza Iqbal,hamza.iqbal164@gmail.com,1234568054,Joannahaven,Panama
165,Fatima Malik,fatima.malik165@gmail.com,1234568055,New Michael,Svalbard & Jan Mayen Islands
166,Zainab Farooq,zainab.farooq166@gmail.com,1234568056,Port Timothy,Monaco
167,Abdullah Khan,abdullah.khan167@gmail.com,1234568057,Christopherchester,South Africa
168,Maryam Iqbal,maryam.iqbal168@gmail.com,1234568058,Port Aaronstad,Papua New Guinea
169,Khadija Ali,khadija.ali169@gmail.com,1234568059,New Kimberlyville,British Virgin Islands
170,Ahmad Ali,ahmad.ali170@gmail.com,1234568060,Paulashire,Bulgaria
171,Yusuf Malik,yusuf.malik171@gmail.com,1234568061,Derekberg,Kenya
172,Maryam Raza,maryam.raza172@gmail.com,1234568062,Port Alicia,China
173,Muhammad Khan,muhammad.khan173@gmail.com,1234568063,Annhaven,French Polynesia
174,Fatima Hussain,fatima.hussain174@gmail.com,1234568064,Bakerton,Dominica
175,Zainab Siddiqui,zainab.siddiqui175@gmail.com,1234568065,Williamsfurt,Papua New Guinea
176,Maryam Sheikh,maryam.sheikh176@gmail.com,1234568066,Matthewport,Uruguay
177,Ahmad Hussain,ahmad.hussain177@gmail.com,1234568067,Kaylatown,Guyana
178,Muhammad Sheikh,muhammad.sheikh178@gmail.com,1234568068,Lake Brittany,Barbados
179,Yusuf Hussain,yusuf.hussain179@gmail.com,1234568069,Novakland,Andorra
180,Zainab Hussain,zainab.hussain180@gmail.com,1234568070,New Robertoshire,Niger
181,Abdullah Siddiqui,abdullah.siddiqui181@gmail.com,1234568071,Josephstad,Honduras
182,Abdullah Iqbal,abdullah.iqbal182@gmail.com,1234568072,Adrianafort,Sudan
183,Zainab Farooq,zainab.farooq183@gmail.com,1234568073,New Kylefurt,Saint Martin
184,Zainab Sheikh,zainab.sheikh184@gmail.com,1234568074,Bestbury,Somalia
185,Yusuf Raza,yusuf.raza185@gmail.com,1234568075,Rothshire,Mauritania
186,Zainab Sheikh,zainab.sheikh186@gmail.com,1234568076,West Steven,Netherlands
187,Abdullah Hussain,abdullah.hussain187@gmail.com,1234568077,New Laura,Mongolia
188,Khadija Raza,khadija.raza188@gmail.com,1234568078,Clarkmouth,Senegal
189,Fatima Siddiqui,fatima.siddiqui189@gmail.com,1234568079,Taylorfurt,Somalia
190,Muhammad Iqbal,muhammad.iqbal190@gmail.com,1234568080,Jonesmouth,Italy
191,Ayesha Khan,ayesha.khan191@gmail.com,1234568081,Bradleyburgh,Tonga
192,Ahmad Siddiqui,ahmad.siddiqui192@gmail.com,1234568082,New Melissahaven,Slovakia (Slovak Republic)
193,Zainab Raza,zainab.raza193@gmail.com,1234568083,South Christina,Bangladesh
194,Khadija Raza,khadija.raza194@gmail.com,1234568084,West Robinport,Sweden
195,Yusuf Ahmed,yusuf.ahmed195@gmail.com,1234568085,Rogersborough,Djibouti
196,Muhammad Sheikh,muhammad.sheikh196@gmail.com,1234568086,Phillipsbury,Cyprus
197,Zainab Farooq,zainab.farooq197@gmail.com,1234568087,East Amandaport,Lao People's Democratic Republic
198,Ayesha Farooq,ayesha.farooq198@gmail.com,1234568088,Davidburgh,Qatar
199,Khadija Khan,khadija.khan199@gmail.com,1234568089,East Sandra,Micronesia
200,Khadija Farooq,khadija.farooq200@gmail.com,1234568090,West Danny,Pitcairn Islands
201,Muhammad Ali,muhammad.ali201@gmail.com,1234568091,Zacharyfort,Bouvet Island (Bouvetoya)
202,Khadija Khan,khadija.khan202@gmail.com,1234568092,Joshualand,Nicaragua
203,Hamza Ali,hamza.ali203@gmail.com,1234568093,South Heather,Austria
204,Fatima Ahmed,fatima.ahmed204@gmail.com,1234568094,Yvonneside,Svalbard & Jan Mayen Islands
205,Abdullah Raza,abdullah.raza205@gmail.com,1234568095,Jamesbury,Bolivia
206,Hamza Iqbal,hamza.iqbal206@gmail.com,1234568096,Christophertown,Antigua and Barbuda
207,Khadija Hussain,khadija.hussain207@gmail.com,1234568097,Barbarahaven,United Kingdom
208,Fatima Ahmed,fatima.ahmed208@gmail.com,1234568098,Padillaville,Turkmenistan
209,Yusuf Iqbal,yusuf.iqbal209@gmail.com,1234568099,Donnatown,Slovakia (Slovak Republic)
210,Hamza Khan,hamza.khan210@gmail.com,1234568100,Ericfurt,Lithuania
211,Ahmad Raza,ahmad.raza211@gmail.com,1234568101,Leonardport,Fiji
212,Zainab Siddiqui,zainab.siddiqui212@gmail.com,1234568102,West Ricky,Marshall Islands
213,Abdullah Khan,abdullah.khan213@gmail.com,1234568103,East Kyle,Bangladesh
214,Abdullah Malik,abdullah.malik214@gmail.com,1234568104,Matthewfurt,El Salvador
215,Maryam Siddiqui,maryam.siddiqui215@gmail.com,1234568105,East Hunterview,Palau
216,Yusuf Farooq,yusuf.farooq216@gmail.com,1234568106,Kelseyfort,Micronesia
217,Maryam Farooq,maryam.farooq217@gmail.com,1234568107,Garnertown,Uzbekistan
218,Yusuf Siddiqui,yusuf.siddiqui218@gmail.com,1234568108,Sparksberg,Pitcairn Islands
219,Abdullah Siddiqui,abdullah.siddiqui219@gmail.com,1234568109,Lake Amber,Zambia
220,Zainab Malik,zainab.malik220@gmail.com,1234568110,Ellistown,Equatorial Guinea
221,Ayesha Malik,ayesha.malik221@gmail.com,1234568111,West Adrienneton,Reunion
222,Ayesha Iqbal,ayesha.iqbal222@gmail.com,1234568112,Baldwinfurt,Jersey
223,Hamza Ahmed,hamza.ahmed223@gmail.com,1234568113,Mindytown,Belgium
224,Yusuf Farooq,yusuf.farooq224@gmail.com,1234568114,Smithmouth,British Indian Ocean Territory (Chagos Archipelago)
225,Maryam Ali,maryam.ali225@gmail.com,1234568115,Port Amandahaven,Jersey
226,Ayesha Siddiqui,ayesha.siddiqui226@gmail.com,1234568116,Thomaschester,San Marino
227,Muhammad Hussain,muhammad.hussain227@gmail.com,1234568117,West Robertport,Indonesia
228,Khadija Ahmed,khadija.ahmed228@gmail.com,1234568118,Mcguireton,Australia
229,Maryam Farooq,maryam.farooq229@gmail.com,1234568119,New Dorothytown,Azerbaijan
230,Hamza Hussain,hamza.hussain230@gmail.com,1234568120,Jeffreybury,Comoros
231,Khadija Ali,khadija.ali231@gmail.com,1234568121,North Andrew,Congo
232,Hamza Siddiqui,hamza.siddiqui232@gmail.com,1234568122,Port Jasonview,Jersey
233,Yusuf Hussain,yusuf.hussain233@gmail.com,1234568123,East Shaun,Macao
234,Muhammad Ahmed,muhammad.ahmed234@gmail.com,1234568124,Nicoleshire,Djibouti
235,Zainab Sheikh,zainab.sheikh235@gmail.com,1234568125,Martintown,Sudan
236,Zainab Khan,zainab.khan236@gmail.com,1234568126,West John,Sierra Leone
237,Fatima Malik,fatima.malik237@gmail.com,1234568127,Diazchester,Turkey
238,Ahmad Hussain,ahmad.hussain238@gmail.com,1234568128,East Noah,Portugal
239,Hamza Raza,hamza.raza239@gmail.com,1234568129,Kellermouth,Egypt
240,Khadija Raza,khadija.raza240@gmail.com,1234568130,Amandamouth,Fiji
241,Ahmad Siddiqui,ahmad.siddiqui241@gmail.com,1234568131,Lake Shawn,Swaziland
242,Ahmad Farooq,ahmad.farooq242@gmail.com,1234568132,West Kimberly,Puerto Rico
243,Yusuf Iqbal,yusuf.iqbal243@gmail.com,1234568133,East Stevenfort,Micronesia
244,Maryam Farooq,maryam.farooq244@gmail.com,1234568134,East Monique,Botswana
245,Hamza Hussain,hamza.hussain245@gmail.com,1234568135,Ericaburgh,Kuwait
246,Abdullah Ahmed,abdullah.ahmed246@gmail.com,1234568136,Angelastad,Dominican Republic
247,Fatima Siddiqui,fatima.siddiqui247@gmail.com,1234568137,Port Austinview,Kyrgyz Republic
248,Abdullah Khan,abdullah.khan248@gmail.com,1234568138,New Stacey,Russian Federation
249,Ayesha Ali,ayesha.ali249@gmail.com,1234568139,Longside,Puerto Rico
250,Maryam Ali,maryam.ali250@gmail.com,1234568140,Reneestad,Kuwait
251,Yusuf Malik,yusuf.malik251@gmail.com,1234568141,Emilymouth,Switzerland
252,Fatima Siddiqui,fatima.siddiqui252@gmail.com,1234568142,Williamstad,Isle of Man
253,Hamza Ali,hamza.ali253@gmail.com,1234568143,Justinfurt,South Africa
254,Hamza Sheikh,hamza.sheikh254@gmail.com,1234568144,Johnsonport,Senegal
255,Ahmad Iqbal,ahmad.iqbal255@gmail.com,1234568145,Moodyville,China
256,Maryam Hussain,maryam.hussain256@gmail.com,1234568146,East Wyattchester,Mauritius
257,Fatima Ali,fatima.ali257@gmail.com,1234568147,North Christinetown,Iran
258,Fatima Ahmed,fatima.ahmed258@gmail.com,1234568148,Crystalborough,Korea
259,Maryam Farooq,maryam.farooq259@gmail.com,1234568149,South Deborahville,Armenia
260,Maryam Raza,maryam.raza260@gmail.com,1234568150,West Maria,Swaziland
261,Fatima Siddiqui,fatima.siddiqui261@gmail.com,1234568151,West Justin,Slovakia (Slovak Republic)
262,Abdullah Khan,abdullah.khan262@gmail.com,1234568152,Hopkinsport,Solomon Islands
263,Maryam Sheikh,maryam.sheikh263@gmail.com,1234568153,Andreland,Gambia
264,Yusuf Iqbal,yusuf.iqbal264@gmail.com,1234568154,Brandontown,Somalia
265,Khadija Malik,khadija.malik265@gmail.com,1234568155,Port Erinberg,Iraq
266,Ahmad Iqbal,ahmad.iqbal266@gmail.com,1234568156,Ortizfurt,Falkland Islands (Malvinas)
267,Maryam Malik,maryam.malik267@gmail.com,1234568157,New Jennifer,Algeria
268,Fatima Sheikh,fatima.sheikh268@gmail.com,1234568158,Jamesland,Spain
269,Muhammad Sheikh,muhammad.sheikh269@gmail.com,1234568159,Port Paulshire,New Zealand
270,Ayesha Khan,ayesha.khan270@gmail.com,1234568160,Lake Anthonyland,Croatia
271,Hamza Malik,hamza.malik271@gmail.com,1234568161,East Williamberg,Falkland Islands (Malvinas)
272,Abdullah Hussain,abdullah.hussain272@gmail.com,1234568162,Lake Samantha,Algeria
273,Ayesha Hussain,ayesha.hussain273@gmail.com,1234568163,New Joehaven,Mexico
274,Maryam Iqbal,maryam.iqbal274@gmail.com,1234568164,East Amy,Chile
275,Hamza Ahmed,hamza.ahmed275@gmail.com,1234568165,East Cory,Nicaragua
276,Ahmad Raza,ahmad.raza276@gmail.com,1234568166,East Jeremyside,Czech Republic
277,Hamza Farooq,hamza.farooq277@gmail.com,1234568167,South Victoriaport,Liechtenstein
278,Hamza Iqbal,hamza.iqbal278@gmail.com,1234568168,West Amber,Israel
279,Maryam Raza,maryam.raza279@gmail.com,1234568169,New Julieville,Estonia
280,Ayesha Farooq,ayesha.farooq280@gmail.com,1234568170,New Ronaldbury,Greenland
281,Yusuf Malik,yusuf.malik281@gmail.com,1234568171,Katietown,Malawi
282,Ahmad Ahmed,ahmad.ahmed282@gmail.com,1234568172,Port Richardstad,Bahrain
283,Abdullah Ali,abdullah.ali283@gmail.com,1234568173,East Lisaside,United Arab Emirates
284,Zainab Sheikh,zainab.sheikh284@gmail.com,1234568174,Melissaside,San Marino
285,Yusuf Sheikh,yusuf.sheikh285@gmail.com,1234568175,New Lisa,Tokelau
286,Abdullah Hussain,abdullah.hussain286@gmail.com,1234568176,Port Heather,Saint Lucia
287,Yusuf Malik,yusuf.malik287@gmail.com,1234568177,New Monicastad,Comoros
288,Muhammad Siddiqui,muhammad.siddiqui288@gmail.com,1234568178,Port Colleenside,Chad
289,Muhammad Sheikh,muhammad.sheikh289@gmail.com,1234568179,Morenoview,Malawi
290,Muhammad Malik,muhammad.malik290@gmail.com,1234568180,West Blake,Guyana
291,Maryam Iqbal,maryam.iqbal291@gmail.com,1234568181,Alanton,Russian Federation
292,Hamza Siddiqui,hamza.siddiqui292@gmail.com,1234568182,Lambertfort,Armenia
293,Maryam Malik,maryam.malik293@gmail.com,1234568183,Reeseville,Guadeloupe
294,Muhammad Malik,muhammad.malik294@gmail.com,1234568184,Angelaside,Mali
295,Hamza Ahmed,hamza.ahmed295@gmail.com,1234568185,Gonzalestown,Vietnam
296,Khadija Farooq,khadija.farooq296@gmail.com,1234568186,Mooreburgh,Mali
297,Ayesha Ahmed,ayesha.ahmed297@gmail.com,1234568187,West Kim,Argentina
298,Yusuf Siddiqui,yusuf.siddiqui298@gmail.com,1234568188,West Kimberlyborough,Swaziland
299,Ayesha Ahmed,ayesha.ahmed299@gmail.com,1234568189,Jessicaport,Cayman Islands
300,Yusuf Raza,yusuf.raza300@gmail.com,1234568190,Port David,Svalbard & Jan Mayen Islands
301,Zainab Ali,zainab.ali301@gmail.com,1234568191,Parkerborough,Isle of Man
302,Zainab Khan,zainab.khan302@gmail.com,1234568192,Wellsland,Tunisia
303,Hamza Ahmed,hamza.ahmed303@gmail.com,1234568193,East Erikatown,Iran
304,Abdullah Siddiqui,abdullah.siddiqui304@gmail.com,1234568194,Dominiqueview,Bhutan
305,Maryam Hussain,maryam.hussain305@gmail.com,1234568195,Perrytown,New Caledonia
306,Khadija Siddiqui,khadija.siddiqui306@gmail.com,1234568196,Port Nicoleview,Belgium
307,Maryam Malik,maryam.malik307@gmail.com,1234568197,New Katherine,Paraguay
308,Ahmad Ali,ahmad.ali308@gmail.com,1234568198,Alvaradochester,Montserrat
309,Ayesha Siddiqui,ayesha.siddiqui309@gmail.com,1234568199,East Tracystad,United States Minor Outlying Islands
310,Ahmad Khan,ahmad.khan310@gmail.com,1234568200,North Emily,Libyan Arab Jamahiriya
311,Abdullah Raza,abdullah.raza311@gmail.com,1234568201,Nelsonton,Ukraine
312,Zainab Raza,zainab.raza312@gmail.com,1234568202,Pennyland,Denmark
313,Khadija Khan,khadija.khan313@gmail.com,1234568203,Lake Jane,Macao
314,Maryam Malik,maryam.malik314@gmail.com,1234568204,West Nathan,Ecuador
315,Ayesha Ahmed,ayesha.ahmed315@gmail.com,1234568205,Gonzalesview,Marshall Islands
316,Maryam Malik,maryam.malik316@gmail.com,1234568206,Maryville,Pakistan
317,Yusuf Ali,yusuf.ali317@gmail.com,1234568207,East Loriborough,Wallis and Futuna
318,Maryam Malik,maryam.malik318@gmail.com,1234568208,Watsonfort,Andorra
319,Abdullah Sheikh,abdullah.sheikh319@gmail.com,1234568209,Port Justin,Bahrain
320,Maryam Farooq,maryam.farooq320@gmail.com,1234568210,Lake Yvonne,Nepal
321,Zainab Farooq,zainab.farooq321@gmail.com,1234568211,Wilsonstad,Slovenia
322,Maryam Hussain,maryam.hussain322@gmail.com,1234568212,Sanchezport,Mexico
323,Hamza Khan,hamza.khan323@gmail.com,1234568213,Port Jason,Ghana
324,Yusuf Khan,yusuf.khan324@gmail.com,1234568214,Lake Julieborough,Cuba
325,Ayesha Farooq,ayesha.farooq325@gmail.com,1234568215,Aguilarside,Tonga
326,Ayesha Malik,ayesha.malik326@gmail.com,1234568216,Duranstad,Lesotho
327,Yusuf Farooq,yusuf.farooq327@gmail.com,1234568217,Dickersonmouth,Lithuania
328,Ahmad Malik,ahmad.malik328@gmail.com,1234568218,Hallshire,Holy See (Vatican City State)
329,Zainab Ahmed,zainab.ahmed329@gmail.com,1234568219,Marshallbury,Estonia
330,Ayesha Ali,ayesha.ali330@gmail.com,1234568220,New Angelafurt,French Polynesia
331,Muhammad Hussain,muhammad.hussain331@gmail.com,1234568221,Port Christianberg,Peru
332,Ahmad Raza,ahmad.raza332@gmail.com,1234568222,Tracyborough,Gibraltar
333,Zainab Ali,zainab.ali333@gmail.com,1234568223,North Rodney,Papua New Guinea
334,Zainab Sheikh,zainab.sheikh334@gmail.com,1234568224,North Tannerville,Serbia
335,Zainab Siddiqui,zainab.siddiqui335@gmail.com,1234568225,West Lindseyton,Netherlands
336,Maryam Sheikh,maryam.sheikh336@gmail.com,1234568226,New Christine,Monaco
337,Ayesha Hussain,ayesha.hussain337@gmail.com,1234568227,Munozfort,Tokelau
338,Ayesha Khan,ayesha.khan338@gmail.com,1234568228,North Amandastad,Burundi
339,Ayesha Malik,ayesha.malik339@gmail.com,1234568229,New Beverly,Marshall Islands
340,Yusuf Farooq,yusuf.farooq340@gmail.com,1234568230,New Taylorstad,Myanmar
341,Muhammad Malik,muhammad.malik341@gmail.com,1234568231,East Virginiashire,Mayotte
342,Muhammad Ahmed,muhammad.ahmed342@gmail.com,1234568232,Williamsborough,Myanmar
343,Abdullah Farooq,abdullah.farooq343@gmail.com,1234568233,Kennethville,Bermuda
344,Maryam Sheikh,maryam.sheikh344@gmail.com,1234568234,Port Bruce,Sri Lanka
345,Hamza Ahmed,hamza.ahmed345@gmail.com,1234568235,North Joseph,United States Virgin Islands
346,Zainab Sheikh,zainab.sheikh346@gmail.com,1234568236,West Dakotaport,Heard Island and McDonald Islands
347,Khadija Iqbal,khadija.iqbal347@gmail.com,1234568237,Port Michael,Sri Lanka
348,Maryam Ahmed,maryam.ahmed348@gmail.com,1234568238,Gentryfort,Mozambique
349,Abdullah Siddiqui,abdullah.siddiqui349@gmail.com,1234568239,Lake Jared,Jersey
350,Yusuf Ahmed,yusuf.ahmed350@gmail.com,1234568240,Delgadoton,Turks and Caicos Islands
351,Khadija Iqbal,khadija.iqbal351@gmail.com,1234568241,Lake Tonya,Lebanon
352,Abdullah Khan,abdullah.khan352@gmail.com,1234568242,New Cherylton,Ecuador
353,Ayesha Ali,ayesha.ali353@gmail.com,1234568243,Jaclynfurt,Saint Martin
354,Ayesha Farooq,ayesha.farooq354@gmail.com,1234568244,Paulaland,Djibouti
355,Yusuf Sheikh,yusuf.sheikh355@gmail.com,1234568245,Orrview,Mexico
356,Abdullah Farooq,abdullah.farooq356@gmail.com,1234568246,Evanshaven,Bahamas
357,Maryam Malik,maryam.malik357@gmail.com,1234568247,Natashaville,China
358,Hamza Sheikh,hamza.sheikh358@gmail.com,1234568248,Melissaland,Norfolk Island
359,Hamza Siddiqui,hamza.siddiqui359@gmail.com,1234568249,South Eric,Armenia
360,Yusuf Siddiqui,yusuf.siddiqui360@gmail.com,1234568250,Patriciaville,Mauritius
361,Zainab Farooq,zainab.farooq361@gmail.com,1234568251,Carolyntown,Panama
362,Khadija Ahmed,khadija.ahmed362@gmail.com,1234568252,Lake Kristen,Guinea
363,Yusuf Farooq,yusuf.farooq363@gmail.com,1234568253,Hamiltonfurt,Lithuania
364,Abdullah Khan,abdullah.khan364@gmail.com,1234568254,Kennethland,Hungary
365,Maryam Sheikh,maryam.sheikh365@gmail.com,1234568255,Port Andreaborough,Faroe Islands
366,Khadija Sheikh,khadija.sheikh366@gmail.com,1234568256,East Stephaniefort,India
367,Maryam Ahmed,maryam.ahmed367@gmail.com,1234568257,Jimmyhaven,Germany
368,Yusuf Farooq,yusuf.farooq368@gmail.com,1234568258,North Michael,Samoa
369,Ayesha Sheikh,ayesha.sheikh369@gmail.com,1234568259,Kendraport,Cape Verde
370,Muhammad Hussain,muhammad.hussain370@gmail.com,1234568260,Port Stacy,Saint Kitts and Nevis
371,Maryam Farooq,maryam.farooq371@gmail.com,1234568261,Hessshire,Malta
372,Hamza Siddiqui,hamza.siddiqui372@gmail.com,1234568262,North Jacquelinefurt,Guadeloupe
373,Muhammad Farooq,muhammad.farooq373@gmail.com,1234568263,Emilymouth,Austria
374,Ahmad Siddiqui,ahmad.siddiqui374@gmail.com,1234568264,Lake Jay,Honduras
375,Yusuf Farooq,yusuf.farooq375@gmail.com,1234568265,South John,Switzerland
376,Ahmad Malik,ahmad.malik376@gmail.com,1234568266,Petersonbury,Syrian Arab Republic
377,Zainab Sheikh,zainab.sheikh377@gmail.com,1234568267,Austinfort,Montenegro
378,Yusuf Malik,yusuf.malik378@gmail.com,1234568268,Port Josephmouth,Congo
379,Khadija Ali,khadija.ali379@gmail.com,1234568269,Josephstad,Benin
380,Muhammad Hussain,muhammad.hussain380@gmail.com,1234568270,New Misty,Senegal
381,Ayesha Iqbal,ayesha.iqbal381@gmail.com,1234568271,Port Martin,Cayman Islands
382,Ahmad Khan,ahmad.khan382@gmail.com,1234568272,Port Anthonyland,Australia
383,Zainab Ali,zainab.ali383@gmail.com,1234568273,South Deborah,Saint Martin
384,Abdullah Raza,abdullah.raza384@gmail.com,1234568274,Michaelview,Sri Lanka
385,Abdullah Hussain,abdullah.hussain385@gmail.com,1234568275,Robinmouth,Burundi
386,Maryam Malik,maryam.malik386@gmail.com,1234568276,East Richardburgh,Yemen
387,Yusuf Sheikh,yusuf.sheikh387@gmail.com,1234568277,Buckbury,Puerto Rico
388,Abdullah Hussain,abdullah.hussain388@gmail.com,1234568278,Christinamouth,Bulgaria
389,Hamza Iqbal,hamza.iqbal389@gmail.com,1234568279,Lake Patrick,Bhutan
390,Ayesha Sheikh,ayesha.sheikh390@gmail.com,1234568280,Christinaport,Vanuatu
391,Abdullah Raza,abdullah.raza391@gmail.com,1234568281,South Christopherberg,Jamaica
392,Khadija Ahmed,khadija.ahmed392@gmail.com,1234568282,Ryanhaven,Spain
393,Ayesha Hussain,ayesha.hussain393@gmail.com,1234568283,Port Tanya,New Zealand
394,Maryam Ali,maryam.ali394@gmail.com,1234568284,Richardburgh,Greece
395,Fatima Malik,fatima.malik395@gmail.com,1234568285,Port Gary,Poland
396,Ayesha Sheikh,ayesha.sheikh396@gmail.com,1234568286,South Katie,Macedonia
397,Fatima Malik,fatima.malik397@gmail.com,1234568287,Mendezburgh,Australia
398,Fatima Farooq,fatima.farooq398@gmail.com,1234568288,Shanebury,Antigua and Barbuda
399,Zainab Raza,zainab.raza399@gmail.com,1234568289,East Timothy,Micronesia
400,Ahmad Farooq,ahmad.farooq400@gmail.com,1234568290,Robertsview,Panama
401,Abdullah Farooq,abdullah.farooq401@gmail.com,1234568291,Danielview,Bangladesh
402,Abdullah Ali,abdullah.ali402@gmail.com,1234568292,South Taylor,Costa Rica
403,Hamza Khan,hamza.khan403@gmail.com,1234568293,New Michaelview,Turkmenistan
404,Ayesha Farooq,ayesha.farooq404@gmail.com,1234568294,Lake Tyler,Korea
405,Hamza Hussain,hamza.hussain405@gmail.com,1234568295,Freemanland,Vanuatu
406,Maryam Raza,maryam.raza406@gmail.com,1234568296,Johnport,Bosnia and Herzegovina
407,Muhammad Siddiqui,muhammad.siddiqui407@gmail.com,1234568297,Toddchester,Tajikistan
408,Khadija Siddiqui,khadija.siddiqui408@gmail.com,1234568298,Sheltonton,Cuba
409,Muhammad Sheikh,muhammad.sheikh409@gmail.com,1234568299,New Shelby,South Georgia and the South Sandwich Islands
410,Hamza Iqbal,hamza.iqbal410@gmail.com,1234568300,New Tammy,Vietnam
411,Hamza Malik,hamza.malik411@gmail.com,1234568301,Lake Aaronstad,Micronesia
412,Abdullah Hussain,abdullah.hussain412@gmail.com,1234568302,Lake Karen,Hungary
413,Ayesha Ahmed,ayesha.ahmed413@gmail.com,1234568303,Elliottfort,Cameroon
414,Fatima Malik,fatima.malik414@gmail.com,1234568304,Lake Hannahton,Tonga
415,Khadija Raza,khadija.raza415@gmail.com,1234568305,Maxwelltown,Canada
416,Maryam Hussain,maryam.hussain416@gmail.com,1234568306,Port Trevorchester,Jamaica
417,Fatima Farooq,fatima.farooq417@gmail.com,1234568307,Erikaberg,Bahamas
418,Yusuf Hussain,yusuf.hussain418@gmail.com,1234568308,Brandimouth,Belarus
419,Ahmad Sheikh,ahmad.sheikh419@gmail.com,1234568309,Dominguezstad,Saint Martin
420,Zainab Ahmed,zainab.ahmed420@gmail.com,1234568310,North Joseph,Western Sahara
421,Yusuf Malik,yusuf.malik421@gmail.com,1234568311,East Melissaberg,Cayman Islands
422,Zainab Iqbal,zainab.iqbal422@gmail.com,1234568312,Smithmouth,Slovakia (Slovak Republic)
423,Fatima Farooq,fatima.farooq423@gmail.com,1234568313,New Keithville,Anguilla
424,Fatima Ali,fatima.ali424@gmail.com,1234568314,West Kevin,Iraq
425,Muhammad Farooq,muhammad.farooq425@gmail.com,1234568315,Elizabethshire,United States Minor Outlying Islands
426,Hamza Malik,hamza.malik426@gmail.com,1234568316,Flowersland,Algeria
427,Khadija Malik,khadija.malik427@gmail.com,1234568317,Sergiomouth,Timor-Leste
428,Fatima Khan,fatima.khan428@gmail.com,1234568318,Bookerbury,Guadeloupe
429,Fatima Malik,fatima.malik429@gmail.com,1234568319,South Timothy,Tajikistan
430,Muhammad Sheikh,muhammad.sheikh430@gmail.com,1234568320,Andersenview,Congo
431,Ayesha Sheikh,ayesha.sheikh431@gmail.com,1234568321,Kaylafurt,Dominican Republic
432,Maryam Iqbal,maryam.iqbal432@gmail.com,1234568322,Cochranshire,Jordan
433,Zainab Iqbal,zainab.iqbal433@gmail.com,1234568323,East David,Zambia
434,Khadija Malik,khadija.malik434@gmail.com,1234568324,Phelpsborough,Uganda
435,Hamza Ali,hamza.ali435@gmail.com,1234568325,Tamarafurt,Iran
436,Abdullah Raza,abdullah.raza436@gmail.com,1234568326,Garciaberg,Mexico
437,Yusuf Ali,yusuf.ali437@gmail.com,1234568327,Wrightfurt,Philippines
438,Abdullah Malik,abdullah.malik438@gmail.com,1234568328,North Stephenmouth,Tajikistan
439,Yusuf Ahmed,yusuf.ahmed439@gmail.com,1234568329,Ramosstad,Liechtenstein
440,Yusuf Khan,yusuf.khan440@gmail.com,1234568330,Port Dianaville,Grenada
441,Ayesha Hussain,ayesha.hussain441@gmail.com,1234568331,New Melindamouth,Bermuda
442,Muhammad Sheikh,muhammad.sheikh442@gmail.com,1234568332,West Angelaview,Gabon
443,Yusuf Sheikh,yusuf.sheikh443@gmail.com,1234568333,Stacymouth,Monaco
444,Ayesha Malik,ayesha.malik444@gmail.com,1234568334,Larrychester,Mali
445,Muhammad Siddiqui,muhammad.siddiqui445@gmail.com,1234568335,Jenniferberg,Gibraltar
446,Khadija Iqbal,khadija.iqbal446@gmail.com,1234568336,East Robert,Zimbabwe
447,Hamza Siddiqui,hamza.siddiqui447@gmail.com,1234568337,Parkerside,Zimbabwe
448,Zainab Ahmed,zainab.ahmed448@gmail.com,1234568338,North Ronniestad,Puerto Rico
449,Abdullah Farooq,abdullah.farooq449@gmail.com,1234568339,Frenchburgh,New Zealand
450,Zainab Ali,zainab.ali450@gmail.com,1234568340,Lake Edward,Slovenia
451,Hamza Hussain,hamza.hussain451@gmail.com,1234568341,West Brendachester,Pitcairn Islands
452,Fatima Ahmed,fatima.ahmed452@gmail.com,1234568342,Lake Cynthia,Angola
453,Zainab Ali,zainab.ali453@gmail.com,1234568343,Matthewstad,Nepal
454,Maryam Khan,maryam.khan454@gmail.com,1234568344,Micheleborough,Guyana
455,Khadija Iqbal,khadija.iqbal455@gmail.com,1234568345,New Shannon,Palestinian Territory
456,Yusuf Sheikh,yusuf.sheikh456@gmail.com,1234568346,Pamelaland,New Zealand
457,Fatima Iqbal,fatima.iqbal457@gmail.com,1234568347,South Rachelview,Cambodia
458,Ahmad Siddiqui,ahmad.siddiqui458@gmail.com,1234568348,West Amanda,Cuba
459,Khadija Sheikh,khadija.sheikh459@gmail.com,1234568349,East Jessicafurt,Heard Island and McDonald Islands
460,Ayesha Khan,ayesha.khan460@gmail.com,1234568350,North Kimberlyland,Croatia
461,Hamza Farooq,hamza.farooq461@gmail.com,1234568351,Port Davidhaven,Denmark
462,Maryam Raza,maryam.raza462@gmail.com,1234568352,Chandlerberg,Mongolia
463,Hamza Iqbal,hamza.iqbal463@gmail.com,1234568353,East Lindsey,Saint Kitts and Nevis
464,Zainab Malik,zainab.malik464@gmail.com,1234568354,East Stephen,Macedonia
465,Zainab Hussain,zainab.hussain465@gmail.com,1234568355,Ryanville,Afghanistan
466,Khadija Ahmed,khadija.ahmed466@gmail.com,1234568356,East Antonioton,Cook Islands
467,Muhammad Iqbal,muhammad.iqbal467@gmail.com,1234568357,East Jennifertown,New Caledonia
468,Yusuf Ahmed,yusuf.ahmed468@gmail.com,1234568358,Thompsonfurt,Canada
469,Muhammad Ali,muhammad.ali469@gmail.com,1234568359,Daniellestad,Svalbard & Jan Mayen Islands
470,Khadija Sheikh,khadija.sheikh470@gmail.com,1234568360,Lake Melissa,Turkey
471,Maryam Siddiqui,maryam.siddiqui471@gmail.com,1234568361,Tiffanyland,Netherlands
472,Abdullah Iqbal,abdullah.iqbal472@gmail.com,1234568362,Lake Thomas,Italy
473,Zainab Siddiqui,zainab.siddiqui473@gmail.com,1234568363,East Melanie,Saint Vincent and the Grenadines
474,Ahmad Hussain,ahmad.hussain474@gmail.com,1234568364,East Chelsea,Cook Islands
475,Fatima Iqbal,fatima.iqbal475@gmail.com,1234568365,Derekview,Mauritania
476,Ahmad Ahmed,ahmad.ahmed476@gmail.com,1234568366,Aprilshire,Zimbabwe
477,Zainab Ali,zainab.ali477@gmail.com,1234568367,Byrdville,Slovakia (Slovak Republic)
478,Ayesha Iqbal,ayesha.iqbal478@gmail.com,1234568368,Joshuabury,Grenada
479,Hamza Khan,hamza.khan479@gmail.com,1234568369,Jessicamouth,Singapore
480,Khadija Farooq,khadija.farooq480@gmail.com,1234568370,Lake Stephen,Pakistan
481,Zainab Khan,zainab.khan481@gmail.com,1234568371,North Josehaven,American Samoa
482,Fatima Iqbal,fatima.iqbal482@gmail.com,1234568372,New David,Luxembourg
483,Abdullah Khan,abdullah.khan483@gmail.com,1234568373,Lake Ericchester,Tunisia
484,Yusuf Siddiqui,yusuf.siddiqui484@gmail.com,1234568374,Richardsonbury,Latvia
485,Ayesha Iqbal,ayesha.iqbal485@gmail.com,1234568375,New Veronicaside,Macedonia
486,Khadija Sheikh,khadija.sheikh486@gmail.com,1234568376,East Karenmouth,Ukraine
487,Zainab Ali,zainab.ali487@gmail.com,1234568377,North Vickistad,Egypt
488,Hamza Farooq,hamza.farooq488@gmail.com,1234568378,North Brian,Heard Island and McDonald Islands
489,Zainab Ahmed,zainab.ahmed489@gmail.com,1234568379,Susanland,Jamaica
490,Ahmad Farooq,ahmad.farooq490@gmail.com,1234568380,Thomasbury,Saint Kitts and Nevis
491,Zainab Khan,zainab.khan491@gmail.com,1234568381,Vincentburgh,El Salvador
492,Khadija Ali,khadija.ali492@gmail.com,1234568382,Lake Hunterstad,Haiti
493,Hamza Raza,hamza.raza493@gmail.com,1234568383,South Joshualand,Tokelau
494,Abdullah Khan,abdullah.khan494@gmail.com,1234568384,Ericaton,Suriname
495,Yusuf Iqbal,yusuf.iqbal495@gmail.com,1234568385,Lake Elizabethborough,Comoros
496,Maryam Siddiqui,maryam.siddiqui496@gmail.com,1234568386,Davidview,Netherlands Antilles
497,Hamza Ali,hamza.ali497@gmail.com,1234568387,West Billymouth,Cote d'Ivoire
498,Yusuf Malik,yusuf.malik498@gmail.com,1234568388,Angelatown,Gibraltar
499,Fatima Malik,fatima.malik499@gmail.com,1234568389,Ashleyport,Monaco
500,Khadija Sheikh,khadija.sheikh500@gmail.com,1234568390,Port Angela,Moldova
